name,precision_macro,recall_macro,f1_macro,precision_micro,recall_micro,f1_micro,accuracy
CNN,0.9350622588337612,0.9322374581939799,0.9328925504167962,0.934,0.934,0.934,0.934
CNN2,0.9461480261395896,0.9392140468227426,0.9399940558014446,0.942,0.942,0.942,0.942
CNN3,0.9504547778606709,0.9499698996655519,0.950123202163989,0.952,0.952,0.952,0.952
