name,precision_macro,recall_macro,f1_macro,precision_micro,recall_micro,f1_micro,accuracy
CNN,0.9609773107239837,0.9606655518394649,0.9607961842425079,0.962,0.962,0.962,0.962
CNN2,0.9691475387168141,0.968685618729097,0.9688617374544148,0.97,0.97,0.97,0.97
CNN3,0.9619492656875834,0.9598260869565217,0.9582869855394883,0.96,0.96,0.96,0.96
