name,precision_macro,recall_macro,f1_macro,precision_micro,recall_micro,f1_micro,accuracy
CNN,0.9173425536257943,0.9144411224379525,0.9141075239257525,0.9114754098360656,0.9114754098360656,0.9114754098360656,0.9114754098360656
CNN2,0.9190609903381642,0.9113446021396924,0.9111379317901058,0.9081967213114754,0.9081967213114754,0.9081967213114754,0.9081967213114754
CNN3,0.9203113640688353,0.9186442611337247,0.9171284902206218,0.9147540983606557,0.9147540983606557,0.9147540983606557,0.9147540983606557
