name,precision_macro,recall_macro,f1_macro,precision_micro,recall_micro,f1_micro,accuracy
CNN,0.891299744646429,0.8919999999999999,0.8910130633563496,0.892,0.892,0.892,0.892
CNN2,0.9117717483451193,0.9046666666666667,0.9045082917559923,0.9046666666666666,0.9046666666666666,0.9046666666666666,0.9046666666666666
CNN3,0.9010419006279039,0.9019999999999999,0.9011579624192552,0.902,0.902,0.902,0.902
